country,ISO 3 country code,electricity production from oil sources
India,IND,1.65950351553575
China,CHN,0.165618383349663
United States,USA,0.903806520197121
Indonesia,IDN,8.39801012035011
Pakistan,PAK,37.2249934602791
Nigeria,NGA,0.0
Brazil,BRA,5.04425326483877
Bangladesh,BGD,16.3799969497212
Russia,RUS,0.946957789011686
Mexico,MEX,10.1488728474182
Ethiopia,ETH,0.0383251892306218
Japan,JPN,7.51942012970579
Philippines,PHL,7.14207709948673
Egypt,EGY,21.0119960214752
Dem. Rep. Congo,COD,0.134198165958399
Vietnam,VNM,0.486029109555528
Iran,IRN,14.4256021209195
Turkey,TUR,0.849558603881841
Germany,DEU,0.968692616000512
Thailand,THA,0.570432043204321
United Kingdom,GBR,0.63414953204343
France,FRA,0.382612769612454
Tanzania,TZA,21.9380460683082
South Africa,ZAF,0.074168341871474
Italy,ITA,4.75348235912517
Kenya,KEN,12.4857527717335
Myanmar,MMR,0.344395742016281
Colombia,COL,0.567976005911587
Korea,KOR,2.27920746650741
Sudan,SDN,22.618226412202
Uganda,UGA,
Spain,ESP,6.20644223015782
Algeria,DZA,1.31980580830838
Argentina,ARG,15.4231944645654
Iraq,IRQ,25.7319868837236
Afghanistan,AFG,
Ukraine,UKR,0.460187035803292
Canada,CAN,1.21477770820288
Yemen,YEM,60.1952684941795
Morocco,MAR,7.17391304347826
Angola,AGO,46.8250716919295
Poland,POL,1.28878368757644
Uzbekistan,UZB,0.256634078212291
Malaysia,MYS,1.15838345889704
Peru,PER,1.40307972891754
Ghana,GHA,0.0
Mozambique,MOZ,0.7633204439311
Saudi Arabia,SAU,20.4063416248936
Madagascar,MDG,
Côte d'Ivoire,CIV,5.22328090919527
Nepal,NPL,0.0
Cameroon,CMR,17.8899082568807
Venezuela,VEN,16.8857896079599
Australia,AUS,2.6950641361049
Dem. People's Rep. Korea,PRK,5.9183227778991
Niger,NER,57.6271186440678
Mali,MLI,
Syrian Arab Republic,SYR,29.0643700016778
Burkina Faso,BFA,
Sri Lanka,LKA,17.8197542102868
Malawi,MWI,
Zambia,ZMB,3.00617605476598
Kazakhstan,KAZ,1.16372994702634
Chile,CHL,4.18639818536352
Chad,TCD,
Romania,ROU,0.719031582779649
Somalia,SOM,
Guatemala,GTM,18.249231325737
Senegal,SEN,83.6156763590392
Ecuador,ECU,34.5296167247387
Netherlands,NLD,1.30008176614881
Cambodia,KHM,5.18535365021606
Zimbabwe,ZWE,0.494386651560408
Guinea,GIN,
Benin,BEN,94.4444444444444
Rwanda,RWA,
Burundi,BDI,
Bolivia,BOL,2.25140712945591
Tunisia,TUN,4.63508843260825
Belgium,BEL,0.300511876689481
Haiti,HTI,92.0038535645472
South Sudan,SSD,99.3939393939394
Jordan,JOR,50.5890396549911
Dominican Republic,DOM,53.4810640949233
Cuba,CUB,45.9680599369085
Czech Republic,CZE,0.113779413188729
Honduras,HND,56.6871165644172
Portugal,PRT,2.55845244827519
Sweden,SWE,0.155621838931397
United Arab Emirates,ARE,1.24208972567247
Greece,GRC,10.9277912855544
Tajikistan,TJK,0.0
Papua New Guinea,PNG,
Azerbaijan,AZE,6.50923525599482
Israel,ISR,0.652383769812848
Hungary,HUN,0.253773647089842
Togo,TGO,24.6913580246914
Belarus,BLR,1.06214424036148
Austria,AUT,1.39403850201577
Switzerland,CHE,0.0680817586274717
Sierra Leone,SLE,
Lao PDR,LAO,
Turkmenistan,TKM,0.0
Libya,LBY,46.2996844589399
Kyrgyz Republic,KGZ,0.291634689178818
Paraguay,PRY,0.0017939150401837
Nicaragua,NIC,49.9454029264031
Serbia,SRB,0.0744779890942945
Bulgaria,BGR,0.373394608345985
El Salvador,SLV,42.1773250960093
Congo,COG,0.0
Denmark,DNK,1.08128648910077
Singapore,SGP,0.698204899335515
Lebanon,LBN,97.3961730811046
Finland,FIN,0.309051416242693
Norway,NOR,0.020149803365712
Liberia,LBR,
Slovak Republic,SVK,1.4418744367678
Ireland,IRL,1.44845012278017
New Zealand,NZL,0.00226218753534668
West Bank and Gaza,PSE,
Central African Republic,CAF,
Costa Rica,CRI,0.998890122086571
Oman,OMN,2.63447096892362
Mauritania,MRT,
Kuwait,KWT,63.5810830707618
Panama,PAN,27.7583527583528
Croatia,HRV,1.96654208933974
Georgia,GEO,0.0
Mongolia,MNG,4.17195719209142
Eritrea,ERI,99.5073891625616
Uruguay,URY,11.4410480349345
Bosnia and Herzegovina,BIH,0.31351973894683
Armenia,ARM,0.0
Namibia,NAM,1.7578125
Lithuania,LTU,6.45843118835134
Jamaica,JAM,89.7379912663755
Albania,ALB,0.0
The Gambia,GMB,
Qatar,QAT,0.0
Gabon,GAB,10.2069614299153
Botswana,BWA,3.60633636670037
Moldova,MDA,0.147758988671811
Lesotho,LSO,
Guinea-Bissau,GNB,
Slovenia,SVN,0.114733076871161
Latvia,LVA,0.0180733779143322
Equatorial Guinea,GNQ,
North Macedonia,MKD,2.46191994332271
Bahrain,BHR,0.0315966858587277
Timor-Leste,TLS,
Estonia,EST,1.22876067965825
Trinidad and Tobago,TTO,0.233009708737864
Cyprus,CYP,91.2199426428414
Mauritius,MUS,37.8378378378378
Eswatini,SWZ,
Djibouti,DJI,
Fiji,FJI,
Comoros,COM,
Guyana,GUY,
Solomon Islands,SLB,
Bhutan,BTN,
Luxembourg,LUX,0.0
Suriname,SUR,39.9468556244464
Montenegro,MNE,0.0
Malta,MLT,92.3254029163469
Maldives,MDV,
Cabo Verde,CPV,
Brunei,BRN,1.0
Belize,BLZ,
The Bahamas,BHS,
Iceland,ISL,0.0212777275386989
Vanuatu,VUT,
Barbados,BRB,
São Tomé and Principe,STP,
Samoa,WSM,
St. Lucia,LCA,
Kiribati,KIR,
Seychelles,SYC,
Grenada,GRD,
Micronesia,FSM,
Tonga,TON,
St. Vincent and the Grenadines,VCT,
Antigua and Barbuda,ATG,
Andorra,AND,
Dominica,DMA,
St. Kitts and Nevis,KNA,
Liechtenstein,LIE,
Monaco,MCO,
Marshall Islands,MHL,
San Marino,SMR,
Palau,PLW,
Nauru,NRU,
Tuvalu,TUV,
